Unnamed: 0,PLAYER,POSITION,INDIAN OR FOREIGN,RATING,BASE PRICE,Unnamed: 5
1,Piyush Chawla,BOWLER,INDIAN ,9.9,1.5,
2,IRFAN PATHAN,ALL ROUNDER,INDIAN ,8.1,1,
3,Jasprit Bumrah,BOWLER,INDIAN ,13.5,2.5,
4,Harbhajan Singh,BOWLER,INDIAN ,9.3,1.5,
5,SHIVAM DUBE,BATSMAN,INDIAN ,8.7,1,y
6,TRAVIS HEAD *,BATSMAN,FOREIGNER,8,1,y
7,HEINRICH KLASSEN *,WICKETKEEPER,FOREIGNER,8.9,1,
8,DWAYNE SMITH *,BATSMAN,FOREIGNER,9.1,1.5,
9,SAM CURRAN *,ALL ROUNDER,FOREIGNER,7.8,0.5,
10,ROHIT SHARMA,BATSMAN,INDIAN ,13.5,2.5,y
11,RAHUL TRIPATHI,BATSMAN,INDIAN ,9,1.5,y
12,SHANE WARNE,BOWLER,FOREIGNER,10,2,
13,RAJAT PATIDAR,BATSMAN,INDIAN ,7.7,0.5,y
14,BRETT LEE,BOWLER,FOREIGNER,10,2,
15,Yuzvendra Chahal,BOWLER,INDIAN ,13.5,2.5,
16,Prasidh Krishna,BOWLER,INDIAN ,8.3,1,
17,Amit Mishra,BOWLER,INDIAN ,11.5,2,
18,WASHINGTON SUNDAR,ALL ROUNDER,INDIAN ,7.5,0.5,
19,KRUNAL PANDYA,ALL ROUNDER,INDIAN ,8.3,1,
20,Mohammed Shami,BOWLER,INDIAN ,9.2,1.5,
21,MORNE MORKEL,BOWLER,FOREIGNER,9.8,1.5,
22,AB DE VILLIERS *,WICKETKEEPER,FOREIGNER,11.5,2,
23,AARON FINCH *,BATSMAN,FOREIGNER,8.9,1,
24,RAVINDRA JADEJA,ALL ROUNDER,INDIAN ,9.9,1.5,
25,MITCHELL STARC,BOWLER,FOREIGNER,9.7,1.5,
26,YUSUF PATHAN,BATSMAN,INDIAN ,9.5,1.5,
27,RAVICHANDRAN ASHWIN,ALL ROUNDER,INDIAN ,8.9,0.5,
28,Umesh Yadav,BOWLER,INDIAN ,9.2,1.5,
29,SURESH RAINA,BATSMAN,INDIAN ,11.5,2,y
30,YUVRAJ SINGH,ALL ROUNDER,INDIAN ,9.5,1.5,
31,AIDEN MARKRAM *,BATSMAN,FOREIGNER,8.5,1,
32,DHRUV JUREL,WICKETKEEPER,INDIAN ,7.5,0.5,
33,SHAUN MARSH *,BATSMAN,FOREIGNER,10,2,
34,MUZTAFIZUR RAHMAN,BOWLER,FOREIGNER,9.5,1.5,
35,IMRAN TAHIR,BOWLER,FOREIGNER,9.5,1.5,
36,RISHABH PANT,WICKETKEEPER,INDIAN ,9.5,1.5,
37,RAHUL TEWATIA,ALL ROUNDER,INDIAN ,7.6,0.5,
38,MATTHEW HAYDEN *,BATSMAN,FOREIGNER,10,2,y
39,HARDIK PANDYA,ALL ROUNDER,INDIAN ,9.3,1.5,
40,Murugan Ashwin,BOWLER,INDIAN ,7.7,0.5,
41,KIERON POLLARD *,ALL ROUNDER,FOREIGNER,10,2,
42,ABHISHEK SHARMA,BATSMAN,INDIAN ,8.7,1,y
43,MARCUS STOINIS *,ALL ROUNDER,FOREIGNER,8.5,1,
44,Shardul Thakur,BOWLER,INDIAN ,8.7,1,
45,K L RAHUL,WICKETKEEPER,INDIAN ,10,2,
46,SHIKHAR DHAWAN,BATSMAN,INDIAN ,9.9,1.5,y
47,Khaleel Ahmed,BOWLER,INDIAN ,8.2,1,
48,WRIDDHIMAN SAHA,WICKETKEEPER,INDIAN ,7.9,0.5,
49,SUNIL NARINE *,ALL ROUNDER,FOREIGNER,13.5,2.5,
50,NICHOLAS POORAN *,WICKETKEEPER,FOREIGNER,8.7,1,
51,Mayank Markande,BOWLER,INDIAN ,7.6,0.5,
52,VAIBHAV SURYAVANSHI,BATSMAN,INDIAN ,8.1,1,
53,Jaydev Unadkat,BOWLER,INDIAN ,8.8,1,
54,DWAYNE BRAVO *,ALL ROUNDER,FOREIGNER,10,2,
55,PAT CUMMINS,BOWLER,FOREIGNER,9.6,1.5,
56,CHRIS GAYLE *,BATSMAN,FOREIGNER,11.5,2,y
57,VENKATESH IYER,BATSMAN,INDIAN ,7.8,0.5,
58,LASITH MALINGA,BOWLER,FOREIGNER,11.5,2,
59,STEVE SMITH *,BATSMAN,FOREIGNER,9.1,1.5,y
60,FAF DU PLESSIS *,BATSMAN,FOREIGNER,9.8,1.5,
61,ALBIE MORKEL *,ALL ROUNDER,FOREIGNER,7.9,0.5,
62,VIRENDER SEHWAG,BATSMAN,INDIAN ,9.3,1.5,y
63,SHREYAS IYER,BATSMAN,INDIAN ,9.5,1.5,y
64,AMBATI RAYUDU,BATSMAN,INDIAN ,9.8,1.5,y
65,Shivam Mavi,BOWLER,INDIAN ,8,1,
66,GLENN MAXWELL *,ALL ROUNDER,INDIAN ,7.7,0.5,
67,M S DHONI,WICKETKEEPER,INDIAN ,13.5,2.5,
68,Vinay Kumar,BOWLER,INDIAN ,8.9,1,
69,QUINTON DE KOCK *,WICKETKEEPER,FOREIGNER,8.3,1,
70,SHUBMAN GILL,BATSMAN,INDIAN ,9.6,1.5,
71,SURYAKUMAR YADAV,BATSMAN,INDIAN ,9.7,1.5,y
72,RUTURAJ GAIKWAD,BATSMAN,INDIAN ,9.2,1.5,y
73,TILAK VARMA,BATSMAN,INDIAN ,8.2,1,
74,KANE WILLIAMSON *,BATSMAN,FOREIGNER,8.9,1,y
75,Ashish Nehra,BOWLER,INDIAN ,9,1.5,
76,MANVINDER BISLA,BATSMAN,INDIAN ,7.6,0.5,y
77,Varun Chakravarthy,BOWLER,INDIAN ,8.7,1,
78,DEVDUTT PADIKKAL,BATSMAN,INDIAN ,8.6,1,y
79,JOS BUTTLER *,WICKETKEEPER,FOREIGNER,10,2,
80,PHIL SALT *,WICKETKEEPER,FOREIGNER,7.6,0.5,
81,MAHELA JAYAWARDANE *,BATSMAN,FOREIGNER,10,2,
82,Munaf Patel,BOWLER,INDIAN ,9.1,1.5,
83,AJINKYA RAHANE,BATSMAN,INDIAN ,9.9,1.5,y
84,KARUN NAIR,BATSMAN,INDIAN ,8.4,1,y
85,M MURALIDHARAN,BOWLER,FOREIGNER,10,2,
86,Bhuvneshwar Kumar,BOWLER,INDIAN ,11.5,2,
87,ADAM GILCHRIST *,WICKETKEEPER,FOREIGNER,9.7,1.5,
88,MANISH PANDEY,BATSMAN,INDIAN ,9.6,1.5,y
89,Kuldeep Yadav,BOWLER,INDIAN ,8.6,1,
90,KUMAR SANGAKKARA *,WICKETKEEPER,FOREIGNER,9.1,1.5,
91,TRENT BOULT,BOWLER,FOREIGNER,9.9,1.5,
92,Deepak Chahar,BOWLER,INDIAN ,8.6,1,
93,Arshdeep Singh,BOWLER,INDIAN ,8.5,1,
94,Dhawal Kulkarni,BOWLER,INDIAN ,7.5,0.5,
95,L Balaji,BOWLER,INDIAN ,9.4,1.5,
96,SACHIN TENDULKAR,BATSMAN,INDIAN ,10,2,
97,SAI SUDHARSHAN,BATSMAN,INDIAN ,8.6,1,
98,Zaheer Khan,BOWLER,INDIAN ,8.9,1,
99,MAYANK AGARWAL,BATSMAN,INDIAN ,9.3,1.5,y
100,DEEPAK HOODA,BATSMAN,INDIAN ,7.5,0.5,
101,SHIMRON HETMEYER *,BATSMAN,FOREIGNER,7.9,0.5,
102,KAGISO RABADA,BOWLER,FOREIGNER,9.6,1.5,
103,CARLOS BRATHEWAITE,ALL ROUNDER,FOREIGNER,9.7,1.5,
104,AXAR PATEL,ALL ROUNDER,INDIAN ,8.7,1,
105,Avesh Khan,BOWLER,INDIAN ,8.4,1,
106,T Natarajan,BOWLER,INDIAN ,8.4,1,
107,ROBIN UTHAPPA  ,WICKETKEEPER,INDIAN ,8.5,1,
108,YASHASWI JAISWAL,BATSMAN,INDIAN ,9,1.5,y
109,RIYAN PARAG,BATSMAN,INDIAN ,8.3,1,y
110,VIRAT KOHLI,BATSMAN,INDIAN ,13.5,2.5,y
111,RAHUL DRAVID,BATSMAN,INDIAN ,10,2,
112,Pragyan Ojha,BOWLER,INDIAN ,8.8,1,
113,PRITHVI SHAW,BATSMAN,INDIAN,8.8,1,y
114,Harshal Patel,BOWLER,INDIAN ,9.3,1.5,
115,SHAUN POLLOCK,BOWLER,FOREIGNER,10,2,
116,S Sreesanth,BOWLER,INDIAN ,7.8,0.5,
117,MOHAMMED SIRAJ,BOWLER,INDIAN ,8.1,1,
118,Basil Thampi,BOWLER,INDIAN ,7.9,0.5,
119,JOSH HAZLEWOOD,BOWLER,FOREIGNER,9.7,1.5,
120,DAVID MILLER *,BATSMAN,FOREIGNER,9.4,1.5,
121,MICHEAL HUSSEY *,BATSMAN,FOREIGNER,8.8,1,
122,ISHAN KISHAN,WICKETKEEPER,INDIAN ,8.1,1,
123,JONNY BAIRSTOW *,WICKETKEEPER,FOREIGNER,7.7,0.5,
124,DINESH KARTHIK,WICKETKEEPER,INDIAN ,9.9,1.5,
125,GAUTAM GAMBHIR,BATSMAN,INDIAN ,9.7,1.5,
126,Sandeep Sharma,BOWLER,INDIAN ,9.1,1.5,
127,PAUL VALTHATY,BATSMAN,INDIAN ,8.5,1,y
128,DAVID WARNER *,BATSMAN,FOREIGNER,11.5,2,y
129,Rahul Chahar,BOWLER,INDIAN ,8.5,1,
130,DALE STEYN,BOWLER,FOREIGNER,10,2,
131,SHANE WATSON *,ALL ROUNDER,FOREIGNER,10,2,
132,CHRIS MORRIS,BOWLER,FOREIGNER,9.4,1.5,
133,MURALI VIJAY,BATSMAN,INDIAN ,9.2,1.5,y
134,ANDRE RUSSELL *,ALL ROUNDER,FOREIGNER,11.5,2,
135,NITISH RANA,BATSMAN,INDIAN ,9.4,1.5,y
136,JACQUES KALLIS *,ALL ROUNDER,FOREIGNER,9.1,1.5,
137,SANJU SAMSON,WICKETKEEPER,INDIAN ,15,3,
138,PARTHIV PATEL,WICKETKEEPER,INDIAN ,7.8,0.5,
139,BRENDON McCULLUM *,WICKETKEEPER,FOREIGNER,9.3,1.5,
140,Mohit Sharma,BOWLER,INDIAN ,9,1.5,
